Stock,Weight
AAPL,3.6988660529097316e-15
MSFT,6.535294988046547e-15
NVDA,56.30741500618222
JPM,43.69258499381778
