Metric,Value
Expected Return,0.28943012348934954
Volatility,0.2548785185821779
Sharpe Ratio,1.037015021267313
Value at Risk,14476.9156067203
